slug,url,company_name,ticker,quarter,call_year,call_date,reporting_period,event_type,n_words,trade_risk,sanctions_risk,embargo_risk,geopolitical_risk,any_georisk
apollo-global-at-ubs-conference-strategic-insights-revealed-93CH-4497681,https://www.investing.com/news/transcripts/apollo-global-at-ubs-conference-strategic-insights-revealed-93CH-4497681,UBS Financial Services Conference,,,2026.0,2026-02-10,,investor_conference,3350,True,False,False,False,True
ares-management-at-bank-of-america-conference-embracing-growth-and-ai-93CH-4497748,https://www.investing.com/news/transcripts/ares-management-at-bank-of-america-conference-embracing-growth-and-ai-93CH-4497748,Bank of America Financial Services Conference,,,2026.0,2026-02-10,,investor_conference,2548,False,False,False,True,True
bank-of-america-at-financial-services-conference-strategic-growth-and-innovation-93CH-4497668,https://www.investing.com/news/transcripts/bank-of-america-at-financial-services-conference-strategic-growth-and-innovation-93CH-4497668,Bank of America Financial Services Conference,,,2026.0,2026-02-10,,investor_conference,6475,True,False,False,False,True
centene-at-deutsche-bank-summit-strategic-growth-and-challenges-93CH-4235482,https://www.investing.com/news/transcripts/centene-at-deutsche-bank-summit-strategic-growth-and-challenges-93CH-4235482,Deutsche Bank Healthcare Summit,,,,2025-09-11,,investor_conference,5332,True,False,False,False,True
citigroup-at-bank-of-america-conference-navigating-financial-frontiers-93CH-4500634,https://www.investing.com/news/transcripts/citigroup-at-bank-of-america-conference-navigating-financial-frontiers-93CH-4500634,Bank of America Financial Services Conference,,,2026.0,2026-02-11,,investor_conference,5219,True,False,False,False,True
citigroup-at-ubs-financial-services-strategic-growth-and-innovation-93CH-4498521,https://www.investing.com/news/transcripts/citigroup-at-ubs-financial-services-strategic-growth-and-innovation-93CH-4498521,UBS Financial Services Conference,,,2026.0,2026-02-11,,investor_conference,3302,True,False,False,True,True
cognex-at-citis-global-conference-ai-drives-growth-strategy-93CH-4514229,https://www.investing.com/news/transcripts/cognex-at-citis-global-conference-ai-drives-growth-strategy-93CH-4514229,Citi’s Global Industrial Tech & Mobility Conference,,,2026.0,2026-02-19,,investor_conference,3889,True,False,False,False,True
corsair-gaming-at-goldman-sachs-conference-strategic-expansion-and-innovation-93CH-4234593,https://www.investing.com/news/transcripts/corsair-gaming-at-goldman-sachs-conference-strategic-expansion-and-innovation-93CH-4234593,Goldman Sachs Communicopia + Technology Conference,,,2025.0,2025-09-10,,investor_conference,3455,True,False,False,False,True
cricut-at-goldman-sachs-conference-strategic-growth-initiatives-93CH-4234613,https://www.investing.com/news/transcripts/cricut-at-goldman-sachs-conference-strategic-growth-initiatives-93CH-4234613,Goldman Sachs Communicopia + Technology Conference,,,2025.0,2025-09-11,,investor_conference,2184,True,False,False,False,True
earnings-call-transcript-acadian-timbers-q4-2025-surprises-with-eps-surge-93CH-4503819,https://www.investing.com/news/transcripts/earnings-call-transcript-acadian-timbers-q4-2025-surprises-with-eps-surge-93CH-4503819,Acadian Timber Corp,ADN,Q4,2025.0,2026-02-12,Q4 2025,earnings_call,1166,True,False,False,False,True
earnings-call-transcript-acerinox-q4-2025-shows-resilience-amid-challenges-93CH-4530871,https://www.investing.com/news/transcripts/earnings-call-transcript-acerinox-q4-2025-shows-resilience-amid-challenges-93CH-4530871,Acerinox SA,,Q4,2025.0,2026-02-27,Q4 2025,earnings_call,2935,False,False,False,True,True
earnings-call-transcript-acme-united-beats-q4-2025-earnings-expectations-93CH-4529131,https://www.investing.com/news/transcripts/earnings-call-transcript-acme-united-beats-q4-2025-earnings-expectations-93CH-4529131,Acme United Corp,ACU,Q4,2025.0,2026-02-26,Q4 2025,earnings_call,1213,True,False,False,False,True
earnings-call-transcript-advantest-corp-q3-2025-beats-forecasts-stock-rises-93CH-4481046,https://www.investing.com/news/transcripts/earnings-call-transcript-advantest-corp-q3-2025-beats-forecasts-stock-rises-93CH-4481046,Advantest Corp.,,Q3,2026.0,2026-02-03,Q3 2026,earnings_call,2884,False,False,False,True,True
earnings-call-transcript-alkami-technology-q4-2025-misses-eps-estimates-stock-stable-93CH-4526177,https://www.investing.com/news/transcripts/earnings-call-transcript-alkami-technology-q4-2025-misses-eps-estimates-stock-stable-93CH-4526177,Alkami Technology Inc,ALKT,Q4,2025.0,2026-02-25,Q4 2025,earnings_call,4195,True,False,False,False,True
earnings-call-transcript-allison-transmission-q4-2025-results-disappoint-93CH-4520256,https://www.investing.com/news/transcripts/earnings-call-transcript-allison-transmission-q4-2025-results-disappoint-93CH-4520256,Allison Transmission,ALSN,Q4,2025.0,2026-02-23,Q4 2025,earnings_call,3246,True,False,False,False,True
earnings-call-transcript-alpha-metallurgical-resources-q4-2025-misses-estimates-93CH-4532188,https://www.investing.com/news/transcripts/earnings-call-transcript-alpha-metallurgical-resources-q4-2025-misses-estimates-93CH-4532188,Alpha Metallurgical Resources Inc,AMR,Q4,2025.0,2026-02-27,Q4 2025,earnings_call,2776,True,False,False,True,True
earnings-call-transcript-ambu-q1-202526-sees-86-growth-stock-rises-412-93CH-4484011,https://www.investing.com/news/transcripts/earnings-call-transcript-ambu-q1-202526-sees-86-growth-stock-rises-412-93CH-4484011,Ambu A/S,,Q1,2026.0,2026-02-04,Q1 2026,earnings_call,4011,True,False,False,True,True
earnings-call-transcript-amer-sports-q4-2025-results-miss-eps-forecast-stock-dips-93CH-4521664,https://www.investing.com/news/transcripts/earnings-call-transcript-amer-sports-q4-2025-results-miss-eps-forecast-stock-dips-93CH-4521664,Amer Sports Inc,AS,Q4,2025.0,2026-02-24,Q4 2025,earnings_call,3082,True,False,False,False,True
earnings-call-transcript-ameren-corp-q4-2025-earnings-surpass-expectations-93CH-4503594,https://www.investing.com/news/transcripts/earnings-call-transcript-ameren-corp-q4-2025-earnings-surpass-expectations-93CH-4503594,Ameren Corp,AEE,Q4,2025.0,2026-02-12,Q4 2025,earnings_call,2373,True,False,False,False,True
earnings-call-transcript-amg-q4-2025-shows-resilience-amid-market-challenges-93CH-4528515,https://www.investing.com/news/transcripts/earnings-call-transcript-amg-q4-2025-shows-resilience-amid-market-challenges-93CH-4528515,AMG Advanced Metallurg Group,,Q4,2025.0,2026-02-26,Q4 2025,earnings_call,1453,True,False,False,False,True
earnings-call-transcript-apollo-global-management-beats-q4-2025-forecasts-93CH-4494360,https://www.investing.com/news/transcripts/earnings-call-transcript-apollo-global-management-beats-q4-2025-forecasts-93CH-4494360,Apollo Global Management LLC Class A,APO,Q4,2025.0,2026-02-09,Q4 2025,earnings_call,4668,True,False,False,False,True
earnings-call-transcript-arcus-biosciences-beats-eps-expectations-in-q4-2025-93CH-4526124,https://www.investing.com/news/transcripts/earnings-call-transcript-arcus-biosciences-beats-eps-expectations-in-q4-2025-93CH-4526124,Arcus Biosciences Inc,RCUS,Q4,2025.0,2026-02-25,Q4 2025,earnings_call,4449,True,False,False,False,True
earnings-call-transcript-aston-martin-lagonda-faces-challenging-q4-2025-93CH-4524123,https://www.investing.com/news/transcripts/earnings-call-transcript-aston-martin-lagonda-faces-challenging-q4-2025-93CH-4524123,Aston Martin Lagonda Global Holdings PLC,AML,Q4,2025.0,2026-02-25,Q4 2025,earnings_call,3689,True,False,False,False,True
earnings-call-transcript-atkores-q1-2026-earnings-beat-forecasts-stock-rises-93CH-4481922,https://www.investing.com/news/transcripts/earnings-call-transcript-atkores-q1-2026-earnings-beat-forecasts-stock-rises-93CH-4481922,Atkore International Group Inc,ATKR,Q1,2026.0,2026-02-03,Q1 2026,earnings_call,3723,True,False,False,False,True
earnings-call-transcript-atlas-energy-solutions-q4-2025-misses-eps-revenue-up-93CH-4522185,https://www.investing.com/news/transcripts/earnings-call-transcript-atlas-energy-solutions-q4-2025-misses-eps-revenue-up-93CH-4522185,Atlas Energy Solutions Inc,AESI,Q4,2025.0,2026-02-24,Q4 2025,earnings_call,4747,False,False,False,True,True
earnings-call-transcript-atlasclear-q2-2026-sees-strong-revenue-growth-and-stock-uptick-93CH-4505614,https://www.investing.com/news/transcripts/earnings-call-transcript-atlasclear-q2-2026-sees-strong-revenue-growth-and-stock-uptick-93CH-4505614,Atlasclear Holdings Inc,ATCH,Q2,2026.0,2026-02-13,Q2 2026,earnings_call,1826,True,False,False,False,True
earnings-call-transcript-aussie-broadbands-q1-2025-sees-strategic-shifts-93CH-4517659,https://www.investing.com/news/transcripts/earnings-call-transcript-aussie-broadbands-q1-2025-sees-strategic-shifts-93CH-4517659,Aussie Broadband Ltd,ABB,,2026.0,2026-02-23,,investor_conference,4198,True,False,False,False,True
earnings-call-transcript-autodesk-beats-q4-2026-earnings-expectations-93CH-4530211,https://www.investing.com/news/transcripts/earnings-call-transcript-autodesk-beats-q4-2026-earnings-expectations-93CH-4530211,Autodesk Inc,ADSK,Q4,2026.0,2026-02-26,Q4 2026,earnings_call,4994,True,False,False,False,True
earnings-call-transcript-avanos-medical-q4-2025-beats-forecasts-but-stock-dips-93CH-4521792,https://www.investing.com/news/transcripts/earnings-call-transcript-avanos-medical-q4-2025-beats-forecasts-but-stock-dips-93CH-4521792,Avanos Medical Inc,AVNS,Q4,2025.0,2026-02-24,Q4 2025,earnings_call,1742,True,False,False,False,True
earnings-call-transcript-avery-dennison-q4-2025-beats-eps-forecast-stock-rises-93CH-4485692,https://www.investing.com/news/transcripts/earnings-call-transcript-avery-dennison-q4-2025-beats-eps-forecast-stock-rises-93CH-4485692,Avery Dennison Corp,AVY,Q4,2025.0,2026-02-04,Q4 2025,earnings_call,3359,True,False,False,False,True
earnings-call-transcript-avis-budget-group-q4-2025-reveals-significant-eps-miss-93CH-4514005,https://www.investing.com/news/transcripts/earnings-call-transcript-avis-budget-group-q4-2025-reveals-significant-eps-miss-93CH-4514005,Avis Budget Group Inc,CAR,Q4,2025.0,2026-02-19,Q4 2025,earnings_call,3817,True,False,False,False,True
earnings-call-transcript-banco-de-chile-q4-2025-sees-stable-revenue-93CH-4488475,https://www.investing.com/news/transcripts/earnings-call-transcript-banco-de-chile-q4-2025-sees-stable-revenue-93CH-4488475,Banco Del Chile,BCH,Q4,2025.0,2026-02-05,Q4 2025,earnings_call,2657,True,False,False,False,True
earnings-call-transcript-bank-pekao-reports-record-profit-in-q4-2025-93CH-4513341,https://www.investing.com/news/transcripts/earnings-call-transcript-bank-pekao-reports-record-profit-in-q4-2025-93CH-4513341,Bank Polska Kasa Opieki SA,PEO,Q4,2025.0,2026-02-19,Q4 2025,earnings_call,651,True,False,False,False,True
earnings-call-transcript-barks-q3-2026-results-show-missed-revenue-target-93CH-4489099,https://www.investing.com/news/transcripts/earnings-call-transcript-barks-q3-2026-results-show-missed-revenue-target-93CH-4489099,BARK Inc,BARK,Q3,2026.0,2026-02-05,Q3 2026,earnings_call,435,True,False,False,False,True
earnings-call-transcript-barratt-redrow-q1-2025-reveals-mixed-results-93CH-4499033,https://www.investing.com/news/transcripts/earnings-call-transcript-barratt-redrow-q1-2025-reveals-mixed-results-93CH-4499033,Barratt Redrow PLC,BTRW,,2026.0,2026-02-11,,investor_conference,4975,True,False,False,False,True
earnings-call-transcript-bbva-q4-2025-sees-record-profit-stock-dips-premarket-93CH-4486839,https://www.investing.com/news/transcripts/earnings-call-transcript-bbva-q4-2025-sees-record-profit-stock-dips-premarket-93CH-4486839,Banco Bilbao Viscaya Argentaria SA ADR,BBVA,Q4,2025.0,2026-02-05,Q4 2025,earnings_call,4119,True,False,False,False,True
earnings-call-transcript-belimos-h2-2025-results-highlight-record-growth-93CH-4518150,https://www.investing.com/news/transcripts/earnings-call-transcript-belimos-h2-2025-results-highlight-record-growth-93CH-4518150,Belimo Holding,BEAN,,2025.0,2026-02-23,,investor_conference,5135,True,False,False,False,True
earnings-call-transcript-blackline-safety-q3-2025-sees-stock-jump-despite-earnings-miss-93CH-4235807,https://www.investing.com/news/transcripts/earnings-call-transcript-blackline-safety-q3-2025-sees-stock-jump-despite-earnings-miss-93CH-4235807,Blackline Safety Corp,BLN,Q3,2025.0,2025-09-11,Q3 2025,earnings_call,3166,True,False,False,False,True
earnings-call-transcript-blackstone-secured-lending-fund-beats-q4-2025-eps-forecast-93CH-4524919,https://www.investing.com/news/transcripts/earnings-call-transcript-blackstone-secured-lending-fund-beats-q4-2025-eps-forecast-93CH-4524919,Blackstone Secured Lending Fund,BXSL,Q4,2025.0,2026-02-25,Q4 2025,earnings_call,3400,True,False,False,True,True
earnings-call-transcript-bluenord-q4-2025-sees-strong-growth-stock-rises-93CH-4520730,https://www.investing.com/news/transcripts/earnings-call-transcript-bluenord-q4-2025-sees-strong-growth-stock-rises-93CH-4520730,Bluenord ASA,BNOR,Q4,2025.0,2026-02-24,Q4 2025,earnings_call,2046,True,False,False,False,True
earnings-call-transcript-bread-financial-q4-2025-beats-eps-expectations-93CH-4481011,https://www.investing.com/news/transcripts/earnings-call-transcript-bread-financial-q4-2025-beats-eps-expectations-93CH-4481011,Bread Financial Holdings Inc,BFH,Q4,2025.0,2026-02-03,Q4 2025,earnings_call,4424,True,False,False,False,True
earnings-call-transcript-breville-group-sees-record-sales-in-h1-2026-93CH-4501478,https://www.investing.com/news/transcripts/earnings-call-transcript-breville-group-sees-record-sales-in-h1-2026-93CH-4501478,Breville Group Ltd,BRG,,2026.0,2026-02-11,,investor_conference,3378,True,False,False,False,True
earnings-call-transcript-brinks-q4-2025-beats-expectations-stock-steady-93CH-4530019,https://www.investing.com/news/transcripts/earnings-call-transcript-brinks-q4-2025-beats-expectations-stock-steady-93CH-4530019,Brinks Comp,BCO,Q4,2025.0,2026-02-26,Q4 2025,earnings_call,2937,False,False,False,True,True
earnings-call-transcript-bystronic-ag-sees-operational-gains-in-q4-2025-93CH-4526871,https://www.investing.com/news/transcripts/earnings-call-transcript-bystronic-ag-sees-operational-gains-in-q4-2025-93CH-4526871,Bystronic AG,BYS,,2025.0,2026-02-26,,investor_conference,3101,True,False,False,False,True
earnings-call-transcript-cactus-inc-beats-q4-2025-estimates-stock-falls-93CH-4528903,https://www.investing.com/news/transcripts/earnings-call-transcript-cactus-inc-beats-q4-2025-estimates-stock-falls-93CH-4528903,Cactus Inc,WHD,Q4,2025.0,2026-02-26,Q4 2025,earnings_call,2638,True,False,False,True,True
earnings-call-transcript-cargojet-q4-2025-earnings-beat-expectations-stock-rises-93CH-4524732,https://www.investing.com/news/transcripts/earnings-call-transcript-cargojet-q4-2025-earnings-beat-expectations-stock-rises-93CH-4524732,Cargojet Inc,CJT,Q4,2025.0,2026-02-25,Q4 2025,earnings_call,4176,True,False,False,False,True
earnings-call-transcript-carters-q4-2025-results-beat-expectations-but-stock-falls-93CH-4531903,https://www.investing.com/news/transcripts/earnings-call-transcript-carters-q4-2025-results-beat-expectations-but-stock-falls-93CH-4531903,Carter’s Inc,CRI,Q4,2025.0,2026-02-27,Q4 2025,earnings_call,3191,True,False,False,False,True
earnings-call-transcript-cascades-inc-q4-2025-beats-eps-forecast-stock-dips-93CH-4528572,https://www.investing.com/news/transcripts/earnings-call-transcript-cascades-inc-q4-2025-beats-eps-forecast-stock-dips-93CH-4528572,Cascades Inc.,CAS,Q4,2025.0,2026-02-26,Q4 2025,earnings_call,2516,True,False,False,False,True
earnings-call-transcript-cbiz-q4-2025-shows-resilience-amidst-market-challenges-93CH-4526143,https://www.investing.com/news/transcripts/earnings-call-transcript-cbiz-q4-2025-shows-resilience-amidst-market-challenges-93CH-4526143,CBIZ Inc,CBZ,Q4,2025.0,2026-02-25,Q4 2025,earnings_call,2706,True,False,False,False,True
earnings-call-transcript-celestica-q4-2025-eps-beats-but-stock-slides-93CH-4481021,https://www.investing.com/news/transcripts/earnings-call-transcript-celestica-q4-2025-eps-beats-but-stock-slides-93CH-4481021,Celestica Inc.,CLS,Q4,2025.0,2026-02-03,Q4 2025,earnings_call,5441,False,False,False,True,True
earnings-call-transcript-cemex-adr-q4-2025-sees-ebitda-growth-amid-goodwill-hit-93CH-4488451,https://www.investing.com/news/transcripts/earnings-call-transcript-cemex-adr-q4-2025-sees-ebitda-growth-amid-goodwill-hit-93CH-4488451,Cemex SAB de CV ADR,CX,Q4,2025.0,2026-02-05,Q4 2025,earnings_call,3810,True,False,False,False,True
earnings-call-transcript-centrica-q4-2025-sees-eps-beat-stock-dips-93CH-4513107,https://www.investing.com/news/transcripts/earnings-call-transcript-centrica-q4-2025-sees-eps-beat-stock-dips-93CH-4513107,Centrica PLC,CNA,,2025.0,2026-02-19,,investor_conference,4746,False,False,False,True,True
earnings-call-transcript-champion-homes-q3-2026-beats-earnings-expectations-93CH-4484980,https://www.investing.com/news/transcripts/earnings-call-transcript-champion-homes-q3-2026-beats-earnings-expectations-93CH-4484980,Champion Homes Inc,SKY,Q3,2026.0,2026-02-04,Q3 2026,earnings_call,4493,True,False,False,False,True
earnings-call-transcript-cibc-reports-robust-q1-2026-earnings-stock-rises-93CH-4527908,https://www.investing.com/news/transcripts/earnings-call-transcript-cibc-reports-robust-q1-2026-earnings-stock-rises-93CH-4527908,Canadian Imperial Bank Of Commerce,CM,Q1,2026.0,2026-02-26,Q1 2026,earnings_call,4347,True,False,False,True,True
earnings-call-transcript-cleanspark-q1-2026-misses-earnings-stock-plummets-93CH-4489184,https://www.investing.com/news/transcripts/earnings-call-transcript-cleanspark-q1-2026-misses-earnings-stock-plummets-93CH-4489184,CleanSpark Inc,CLSK,Q1,2026.0,2026-02-05,Q1 2026,earnings_call,4646,True,False,False,False,True
earnings-call-transcript-cocacola-femsa-q4-2025-sees-strong-operational-growth-93CH-4522215,https://www.investing.com/news/transcripts/earnings-call-transcript-cocacola-femsa-q4-2025-sees-strong-operational-growth-93CH-4522215,Coca-Cola Femsa SAB de CV ADR,KOF,Q4,2025.0,2026-02-24,Q4 2025,earnings_call,3545,True,False,False,False,True
earnings-call-transcript-columbia-sportswear-q4-2025-earnings-beat-expectations-93CH-4483395,https://www.investing.com/news/transcripts/earnings-call-transcript-columbia-sportswear-q4-2025-earnings-beat-expectations-93CH-4483395,Columbia Sportswear Company,COLM,Q4,2025.0,2026-02-03,Q4 2025,earnings_call,3671,True,False,False,False,True
earnings-call-transcript-compass-diversified-q4-2025-misses-estimates-93CH-4530139,https://www.investing.com/news/transcripts/earnings-call-transcript-compass-diversified-q4-2025-misses-estimates-93CH-4530139,Compass Diversified Holdings,CODI,Q4,2025.0,2026-02-26,Q4 2025,earnings_call,2498,True,False,False,True,True
earnings-call-transcript-corpay-beats-q4-2025-forecasts-stock-rises-93CH-4486344,https://www.investing.com/news/transcripts/earnings-call-transcript-corpay-beats-q4-2025-forecasts-stock-rises-93CH-4486344,Corpay Inc,CPAY,Q4,2025.0,2026-02-04,Q4 2025,earnings_call,5076,True,False,False,False,True
earnings-call-transcript-crane-nxt-q4-2025-beats-expectations-stock-rises-93CH-4503559,https://www.investing.com/news/transcripts/earnings-call-transcript-crane-nxt-q4-2025-beats-expectations-stock-rises-93CH-4503559,Crane NXT Co,CXT,Q4,2025.0,2026-02-12,Q4 2025,earnings_call,3405,True,False,False,False,True
earnings-call-transcript-cronos-group-q4-2025-sees-revenue-miss-stock-down-93CH-4528185,https://www.investing.com/news/transcripts/earnings-call-transcript-cronos-group-q4-2025-sees-revenue-miss-stock-down-93CH-4528185,Cronos Group Inc,CRON,Q4,2025.0,2026-02-26,Q4 2025,earnings_call,2287,True,False,False,False,True
earnings-call-transcript-crown-holdings-sees-strong-q4-2025-eps-stock-dips-93CH-4488333,https://www.investing.com/news/transcripts/earnings-call-transcript-crown-holdings-sees-strong-q4-2025-eps-stock-dips-93CH-4488333,Crown Hldgs,CCK,Q4,2025.0,2026-02-05,Q4 2025,earnings_call,5624,False,False,False,True,True
earnings-call-transcript-culp-inc-faces-q1-2026-earnings-miss-stock-dips-93CH-4235638,https://www.investing.com/news/transcripts/earnings-call-transcript-culp-inc-faces-q1-2026-earnings-miss-stock-dips-93CH-4235638,Culp Inc,CULP,Q1,2026.0,2025-09-11,Q1 2026,earnings_call,1903,True,False,False,False,True
earnings-call-transcript-danaos-corp-beats-q4-2025-estimates-with-strong-eps-93CH-4497094,https://www.investing.com/news/transcripts/earnings-call-transcript-danaos-corp-beats-q4-2025-estimates-with-strong-eps-93CH-4497094,Danaos Corp,DAC,Q4,2025.0,2026-02-10,Q4 2025,earnings_call,1319,True,False,False,True,True
earnings-call-transcript-deere--company-q1-2026-sees-strong-earnings-beat-93CH-4514410,https://www.investing.com/news/transcripts/earnings-call-transcript-deere--company-q1-2026-sees-strong-earnings-beat-93CH-4514410,Deere and Company,DE,Q1,2026.0,2026-02-19,Q1 2026,earnings_call,6087,True,False,False,False,True
earnings-call-transcript-delegat-group-shows-resilience-in-h1-2026-93CH-4530002,https://www.investing.com/news/transcripts/earnings-call-transcript-delegat-group-shows-resilience-in-h1-2026-93CH-4530002,Delegat Group Ltd,DGL,,2026.0,2026-02-26,,investor_conference,1403,True,False,False,False,True
earnings-call-transcript-develop-global-q2-2026-sees-revenue-surge-stock-rises-93CH-4481136,https://www.investing.com/news/transcripts/earnings-call-transcript-develop-global-q2-2026-sees-revenue-surge-stock-rises-93CH-4481136,Develop Global Ltd,DVP,Q2,2026.0,2026-02-03,Q2 2026,earnings_call,1767,True,False,False,False,True
earnings-call-transcript-dhi-group-q4-2025-earnings-beat-expectations-93CH-4486313,https://www.investing.com/news/transcripts/earnings-call-transcript-dhi-group-q4-2025-earnings-beat-expectations-93CH-4486313,DHI Group Inc,DHX,Q4,2025.0,2026-02-04,Q4 2025,earnings_call,3319,True,False,False,False,True
earnings-call-transcript-dksh-sees-stock-rise-after-h2-2025-results-93CH-4508211,https://www.investing.com/news/transcripts/earnings-call-transcript-dksh-sees-stock-rise-after-h2-2025-results-93CH-4508211,DKSH Holding AG,DKSH,,2025.0,2026-02-17,,investor_conference,3110,True,False,False,True,True
earnings-call-transcript-dolby-labs-q1-2026-beats-earnings-stock-rises-93CH-4481094,https://www.investing.com/news/transcripts/earnings-call-transcript-dolby-labs-q1-2026-beats-earnings-stock-rises-93CH-4481094,Dolby Laboratories,DLB,Q1,2026.0,2026-02-03,Q1 2026,earnings_call,2595,False,False,False,True,True
earnings-call-transcript-eagle-point-credits-q4-2025-results-show-eps-beat-stock-tumbles-93CH-4509384,https://www.investing.com/news/transcripts/earnings-call-transcript-eagle-point-credits-q4-2025-results-show-eps-beat-stock-tumbles-93CH-4509384,Eagle Point Cred,ECC,Q4,2025.0,2026-02-17,Q4 2025,earnings_call,3216,True,False,False,True,True
earnings-call-transcript-eagle-point-income-navigates-challenging-q4-2025-93CH-4529062,https://www.investing.com/news/transcripts/earnings-call-transcript-eagle-point-income-navigates-challenging-q4-2025-93CH-4529062,Eagle Point Income Company Fund,EIC,Q4,2025.0,2026-02-26,Q4 2025,earnings_call,1841,True,False,False,True,True
earnings-call-transcript-ecolab-reports-record-q4-2025-earnings-stock-rises-93CH-4497757,https://www.investing.com/news/transcripts/earnings-call-transcript-ecolab-reports-record-q4-2025-earnings-stock-rises-93CH-4497757,Ecolab,ECL,Q4,2025.0,2026-02-10,Q4 2025,earnings_call,5921,True,False,False,False,True
earnings-call-transcript-electro-optic-systems-h2-2025-revenue-declines-stock-surges-93CH-4517652,https://www.investing.com/news/transcripts/earnings-call-transcript-electro-optic-systems-h2-2025-revenue-declines-stock-surges-93CH-4517652,Electro Optic Systems Holdings,EOS,,2025.0,2026-02-23,,investor_conference,2030,False,False,False,True,True
earnings-call-transcript-electrovaya-q1-2026-shows-strong-growth-stock-dips-93CH-4504189,https://www.investing.com/news/transcripts/earnings-call-transcript-electrovaya-q1-2026-shows-strong-growth-stock-dips-93CH-4504189,Electrovaya Inc,ELVA,Q1,2026.0,2026-02-12,Q1 2026,earnings_call,4523,True,False,False,False,True
earnings-call-transcript-element-fleets-q4-2025-performance-hits-record-highs-93CH-4524593,https://www.investing.com/news/transcripts/earnings-call-transcript-element-fleets-q4-2025-performance-hits-record-highs-93CH-4524593,Element Fleet Management Corp,EFN,Q4,2025.0,2026-02-25,Q4 2025,earnings_call,4432,True,False,False,False,True
earnings-call-transcript-enbridge-q4-2025-beats-expectations-stock-rises-93CH-4505957,https://www.investing.com/news/transcripts/earnings-call-transcript-enbridge-q4-2025-beats-expectations-stock-rises-93CH-4505957,Enbridge Inc,ENB,Q4,2025.0,2026-02-13,Q4 2025,earnings_call,5768,False,False,False,True,True
earnings-call-transcript-energy-recovery-q4-2025-misses-forecasts-amid-delays-93CH-4526127,https://www.investing.com/news/transcripts/earnings-call-transcript-energy-recovery-q4-2025-misses-forecasts-amid-delays-93CH-4526127,Energy Recovery Inc,ERII,Q4,2025.0,2026-02-25,Q4 2025,earnings_call,2878,True,False,False,False,True
earnings-call-transcript-equinor-q4-2025-beats-eps-forecast-stock-dips-93CH-4484488,https://www.investing.com/news/transcripts/earnings-call-transcript-equinor-q4-2025-beats-eps-forecast-stock-dips-93CH-4484488,Equinor ASA ADR,EQNR,Q4,2025.0,2026-02-04,Q4 2025,earnings_call,3416,False,False,False,True,True
earnings-call-transcript-eramet-sas-h2-2025-results-show-revenue-decline-93CH-4512904,https://www.investing.com/news/transcripts/earnings-call-transcript-eramet-sas-h2-2025-results-show-revenue-decline-93CH-4512904,Eramet SA,,,2025.0,2026-02-19,,investor_conference,3394,False,False,False,True,True
earnings-call-transcript-evergy-q4-2025-sees-stock-rise-despite-eps-miss-93CH-4514207,https://www.investing.com/news/transcripts/earnings-call-transcript-evergy-q4-2025-sees-stock-rise-despite-eps-miss-93CH-4514207,Evergy Inc,EVRG,Q4,2025.0,2026-02-19,Q4 2025,earnings_call,3321,True,False,False,False,True
earnings-call-transcript-exco-technologies-misses-q1-2026-earnings-forecast-93CH-4481091,https://www.investing.com/news/transcripts/earnings-call-transcript-exco-technologies-misses-q1-2026-earnings-forecast-93CH-4481091,Exco Technologies Limited,XTC,Q1,2026.0,2026-02-03,Q1 2026,earnings_call,616,True,False,False,False,True
earnings-call-transcript-exosens-q4-2025-sees-robust-growth-strong-guidance-93CH-4517933,https://www.investing.com/news/transcripts/earnings-call-transcript-exosens-q4-2025-sees-robust-growth-strong-guidance-93CH-4517933,Exosens SAS,,Q4,2025.0,2026-02-23,Q4 2025,earnings_call,2860,True,False,False,False,True
earnings-call-transcript-expensify-q4-2025-sees-revenue-miss-stock-edges-up-93CH-4530017,https://www.investing.com/news/transcripts/earnings-call-transcript-expensify-q4-2025-sees-revenue-miss-stock-edges-up-93CH-4530017,Expensify Inc,EXFY,Q4,2025.0,2026-02-26,Q4 2025,earnings_call,782,True,False,False,False,True
earnings-call-transcript-exponent-q4-2025-earnings-beat-expectations-93CH-4489153,https://www.investing.com/news/transcripts/earnings-call-transcript-exponent-q4-2025-earnings-beat-expectations-93CH-4489153,Exponent Inc,EXPO,Q4,2025.0,2026-02-05,Q4 2025,earnings_call,2329,True,False,False,False,True
earnings-call-transcript-federal-signal-q4-2025-shows-record-growth-93CH-4525040,https://www.investing.com/news/transcripts/earnings-call-transcript-federal-signal-q4-2025-shows-record-growth-93CH-4525040,Federal Signal Corp,FSS,Q4,2025.0,2026-02-25,Q4 2025,earnings_call,3483,True,False,False,False,True
earnings-call-transcript-ferretti-group-hits-record-revenues-in-q4-2025-93CH-4521544,https://www.investing.com/news/transcripts/earnings-call-transcript-ferretti-group-hits-record-revenues-in-q4-2025-93CH-4521544,Ferretti SpA,YACHT,Q4,2025.0,2026-02-24,Q4 2025,earnings_call,2117,True,False,False,False,True
earnings-call-transcript-firan-technology-q4-2025-misses-forecasts-shares-dip-93CH-4514090,https://www.investing.com/news/transcripts/earnings-call-transcript-firan-technology-q4-2025-misses-forecasts-shares-dip-93CH-4514090,Firan Technology Group Corporation,FTG,Q4,2025.0,2026-02-19,Q4 2025,earnings_call,4296,True,False,False,False,True
earnings-call-transcript-first-abu-dhabi-bank-q4-2025-record-profits-and-ai-push-93CH-4480989,https://www.investing.com/news/transcripts/earnings-call-transcript-first-abu-dhabi-bank-q4-2025-record-profits-and-ai-push-93CH-4480989,First Abu Dhabi Bank PJSC,FAB,Q4,2025.0,2026-02-03,Q4 2025,earnings_call,2555,True,False,False,False,True
earnings-call-transcript-flexsteel-q2-2026-beats-earnings-expectations-93CH-4482123,https://www.investing.com/news/transcripts/earnings-call-transcript-flexsteel-q2-2026-beats-earnings-expectations-93CH-4482123,Flexsteel Industries Inc,FLXS,Q2,2026.0,2026-02-03,Q2 2026,earnings_call,1976,True,False,False,False,True
earnings-call-transcript-formfactors-q4-2025-beats-forecasts-stock-dips-93CH-4486262,https://www.investing.com/news/transcripts/earnings-call-transcript-formfactors-q4-2025-beats-forecasts-stock-dips-93CH-4486262,FormFactor Inc,FORM,Q4,2025.0,2026-02-04,Q4 2025,earnings_call,4588,True,False,False,False,True
earnings-call-transcript-fox-factory-q4-2025-eps-misses-revenue-beats-93CH-4530001,https://www.investing.com/news/transcripts/earnings-call-transcript-fox-factory-q4-2025-eps-misses-revenue-beats-93CH-4530001,Fox Factory Holding Corp,FOXF,Q4,2025.0,2026-02-26,Q4 2025,earnings_call,1989,True,False,False,False,True
earnings-call-transcript-frontline-q4-2025-results-miss-forecasts-stock-edges-up-93CH-4531994,https://www.investing.com/news/transcripts/earnings-call-transcript-frontline-q4-2025-results-miss-forecasts-stock-edges-up-93CH-4531994,Frontline Ltd,FRO,Q4,2025.0,2026-02-27,Q4 2025,earnings_call,1715,False,True,False,False,True
earnings-call-transcript-garmin-q4-2025-beats-expectations-stock-surges-93CH-4511672,https://www.investing.com/news/transcripts/earnings-call-transcript-garmin-q4-2025-beats-expectations-stock-surges-93CH-4511672,Garmin Ltd,GRMN,Q4,2025.0,2026-02-18,Q4 2025,earnings_call,4224,True,False,False,False,True
earnings-call-transcript-gartner-q4-2025-beats-eps-forecast-stock-drops-93CH-4482032,https://www.investing.com/news/transcripts/earnings-call-transcript-gartner-q4-2025-beats-eps-forecast-stock-drops-93CH-4482032,Gartner,IT,Q4,2025.0,2026-02-03,Q4 2025,earnings_call,2872,True,False,False,False,True
earnings-call-transcript-genesis-energy-posts-record-h1-fy2026-earnings-93CH-4517630,https://www.investing.com/news/transcripts/earnings-call-transcript-genesis-energy-posts-record-h1-fy2026-earnings-93CH-4517630,Genesis Energy Ltd,GNE,,2026.0,2026-02-22,,investor_conference,2659,True,False,False,False,True
earnings-call-transcript-genuine-parts-misses-q4-2025-eps-forecast-stock-drops-93CH-4509193,https://www.investing.com/news/transcripts/earnings-call-transcript-genuine-parts-misses-q4-2025-eps-forecast-stock-drops-93CH-4509193,Genuine Parts Co,GPC,Q4,2025.0,2026-02-17,Q4 2025,earnings_call,3596,True,False,False,False,True
earnings-call-transcript-georg-fischers-transformation-in-h2-2025-93CH-4523506,https://www.investing.com/news/transcripts/earnings-call-transcript-georg-fischers-transformation-in-h2-2025-93CH-4523506,Georg Fischer AG,GF,,2025.0,2026-02-25,,investor_conference,3462,False,False,False,True,True
earnings-call-transcript-gerdaus-q4-2025-results-show-mixed-signals-93CH-4522223,https://www.investing.com/news/transcripts/earnings-call-transcript-gerdaus-q4-2025-results-show-mixed-signals-93CH-4522223,Gerdau SA ADR,GGB,Q4,2025.0,2026-02-24,Q4 2025,earnings_call,1319,True,False,False,False,True
earnings-call-transcript-gerdaus-q4-2025-results-show-resilience-amid-challenges-93CH-4522226,https://www.investing.com/news/transcripts/earnings-call-transcript-gerdaus-q4-2025-results-show-resilience-amid-challenges-93CH-4522226,Metalurgica Gerdau SA,,Q4,2025.0,2026-02-24,Q4 2025,earnings_call,1059,True,False,False,False,True
earnings-call-transcript-glaston-q4-2025-reports-sales-decline-stock-drops-93CH-4504637,https://www.investing.com/news/transcripts/earnings-call-transcript-glaston-q4-2025-reports-sales-decline-stock-drops-93CH-4504637,Glaston Oyj Abp,,Q4,2025.0,2026-02-13,Q4 2025,earnings_call,928,True,False,False,False,True
earnings-call-transcript-gnfcs-q3-2025-sees-stock-dip-amid-strong-tdi-market-93CH-4499172,https://www.investing.com/news/transcripts/earnings-call-transcript-gnfcs-q3-2025-sees-stock-dip-amid-strong-tdi-market-93CH-4499172,Gujarat Narmada Valley Fertilizers & Chemicals Ltd,GNFC,Q3,2026.0,2026-02-11,Q3 2026,earnings_call,3228,True,False,False,False,True
earnings-call-transcript-golar-lng-q4-2025-earnings-beat-forecasts-stock-dips-93CH-4524573,https://www.investing.com/news/transcripts/earnings-call-transcript-golar-lng-q4-2025-earnings-beat-forecasts-stock-dips-93CH-4524573,Golar LNG Limited,GLNG,Q4,2025.0,2026-02-25,Q4 2025,earnings_call,3075,True,False,False,False,True
earnings-call-transcript-graftechs-q4-2025-results-show-net-loss-stock-drops-93CH-4491324,https://www.investing.com/news/transcripts/earnings-call-transcript-graftechs-q4-2025-results-show-net-loss-stock-drops-93CH-4491324,GrafTech International Ltd,EAF,Q4,2025.0,2026-02-06,Q4 2025,earnings_call,3105,True,False,False,False,True
earnings-call-transcript-hafnia-q4-2025-revenue-surges-stock-hits-new-high-93CH-4528205,https://www.investing.com/news/transcripts/earnings-call-transcript-hafnia-q4-2025-revenue-surges-stock-hits-new-high-93CH-4528205,Hafnia Ltd,HAFN,Q4,2025.0,2026-02-26,Q4 2025,earnings_call,1657,False,False,False,True,True
earnings-call-transcript-hamilton-beach-brands-q4-2025-surpasses-expectations-93CH-4526010,https://www.investing.com/news/transcripts/earnings-call-transcript-hamilton-beach-brands-q4-2025-surpasses-expectations-93CH-4526010,Hamilton Beach Brands Holding Co Class A,HBB,Q4,2025.0,2026-02-25,Q4 2025,earnings_call,1170,True,False,False,False,True
earnings-call-transcript-harvia-q4-2025-sees-revenue-growth-but-stock-dips-93CH-4502032,https://www.investing.com/news/transcripts/earnings-call-transcript-harvia-q4-2025-sees-revenue-growth-but-stock-dips-93CH-4502032,Harvia Oyj,,Q4,2025.0,2026-02-12,Q4 2025,earnings_call,3833,True,False,False,False,True
earnings-call-transcript-havertys-q4-2025-sees-strong-sales-stock-rises-93CH-4522042,https://www.investing.com/news/transcripts/earnings-call-transcript-havertys-q4-2025-sees-strong-sales-stock-rises-93CH-4522042,Haverty Furniture Companies Inc,HVT,Q4,2025.0,2026-02-24,Q4 2025,earnings_call,1892,True,False,False,False,True
earnings-call-transcript-heidelberger-druckmaschinen-q3-2026-sees-stock-drop-15-93CH-4487943,https://www.investing.com/news/transcripts/earnings-call-transcript-heidelberger-druckmaschinen-q3-2026-sees-stock-drop-15-93CH-4487943,Heidelberger Druckmaschinen,,Q3,2026.0,2026-02-05,Q3 2026,earnings_call,871,True,False,False,False,True
earnings-call-transcript-hillman-solutions-q4-2025-sees-stable-eps-revenue-miss-93CH-4509018,https://www.investing.com/news/transcripts/earnings-call-transcript-hillman-solutions-q4-2025-sees-stable-eps-revenue-miss-93CH-4509018,Hillman Solutions Corp,HLMN,Q4,2025.0,2026-02-17,Q4 2025,earnings_call,2611,True,False,False,False,True
earnings-call-transcript-honda-motor-q3-2025-shows-record-unit-sales-93CH-4495838,https://www.investing.com/news/transcripts/earnings-call-transcript-honda-motor-q3-2025-shows-record-unit-sales-93CH-4495838,Honda Motor Co Ltd ADR,HMC,Q3,2026.0,2026-02-10,Q3 2026,earnings_call,626,True,False,False,False,True
earnings-call-transcript-hub-group-q4-2025-sees-revenue-drop-stock-dips-93CH-4489173,https://www.investing.com/news/transcripts/earnings-call-transcript-hub-group-q4-2025-sees-revenue-drop-stock-dips-93CH-4489173,Hub Group Inc,HUBG,Q4,2025.0,2026-02-05,Q4 2025,earnings_call,600,True,False,False,False,True
earnings-call-transcript-hudbay-minerals-posts-strong-q4-2025-but-misses-eps-forecast-93CH-4516856,https://www.investing.com/news/transcripts/earnings-call-transcript-hudbay-minerals-posts-strong-q4-2025-but-misses-eps-forecast-93CH-4516856,HudBay Minerals Inc,HBM,Q4,2025.0,2026-02-20,Q4 2025,earnings_call,4435,True,False,False,False,True
earnings-call-transcript-ice-q4-2025-beats-expectations-stock-rises-93CH-4488185,https://www.investing.com/news/transcripts/earnings-call-transcript-ice-q4-2025-beats-expectations-stock-rises-93CH-4488185,Intercontinental Exchange Inc,ICE,Q4,2025.0,2026-02-05,Q4 2025,earnings_call,2461,False,False,False,True,True
earnings-call-transcript-igds-q4-2025-sees-profitability-turnaround-93CH-4528489,https://www.investing.com/news/transcripts/earnings-call-transcript-igds-q4-2025-sees-profitability-turnaround-93CH-4528489,Immobiliare Grande Distribuzione SIIQ SpA,,Q4,2025.0,2026-02-26,Q4 2025,earnings_call,1218,True,False,False,False,True
earnings-call-transcript-imerys-sa-sees-stock-fall-after-q4-2025-results-93CH-4515433,https://www.investing.com/news/transcripts/earnings-call-transcript-imerys-sa-sees-stock-fall-after-q4-2025-results-93CH-4515433,Imerys SA,,Q4,2025.0,2026-02-20,Q4 2025,earnings_call,2573,True,False,False,False,True
earnings-call-transcript-ingersoll-rand-beats-q4-2025-expectations-93CH-4505746,https://www.investing.com/news/transcripts/earnings-call-transcript-ingersoll-rand-beats-q4-2025-expectations-93CH-4505746,Ingersoll Rand Inc,IR,Q4,2025.0,2026-02-13,Q4 2025,earnings_call,6183,True,False,False,False,True
earnings-call-transcript-inmode-q4-2025-posts-earnings-beat-stock-dips-93CH-4497064,https://www.investing.com/news/transcripts/earnings-call-transcript-inmode-q4-2025-posts-earnings-beat-stock-dips-93CH-4497064,InMode Ltd,INMD,Q4,2025.0,2026-02-10,Q4 2025,earnings_call,3890,True,False,False,False,True
earnings-call-transcript-inter-parfums-q4-2025-beats-forecasts-stock-dips-93CH-4525251,https://www.investing.com/news/transcripts/earnings-call-transcript-inter-parfums-q4-2025-beats-forecasts-stock-dips-93CH-4525251,Inter Parfums Inc,IPAR,Q4,2025.0,2026-02-25,Q4 2025,earnings_call,2665,True,False,False,False,True
earnings-call-transcript-intercorp-financial-services-q4-2025-sees-record-income-93CH-4503560,https://www.investing.com/news/transcripts/earnings-call-transcript-intercorp-financial-services-q4-2025-sees-record-income-93CH-4503560,Intercorp Financial Services Inc,IFS,Q4,2025.0,2026-02-12,Q4 2025,earnings_call,4148,True,False,False,False,True
earnings-call-transcript-interfor-corp-beats-q4-2025-expectations-93CH-4506185,https://www.investing.com/news/transcripts/earnings-call-transcript-interfor-corp-beats-q4-2025-expectations-93CH-4506185,Interfor Corp,IFP,Q4,2025.0,2026-02-13,Q4 2025,earnings_call,2072,False,False,False,True,True
earnings-call-transcript-intest-q4-2025-beats-eps-forecast-shares-surge-93CH-4531813,https://www.investing.com/news/transcripts/earnings-call-transcript-intest-q4-2025-beats-eps-forecast-shares-surge-93CH-4531813,inTest Corporation,INTT,Q4,2025.0,2026-02-27,Q4 2025,earnings_call,2823,True,False,False,False,True
earnings-call-transcript-ispire-technology-q2-2025-misses-forecasts-stock-dips-93CH-4490924,https://www.investing.com/news/transcripts/earnings-call-transcript-ispire-technology-q2-2025-misses-forecasts-stock-dips-93CH-4490924,Ispire Technology Inc,ISPR,Q2,2026.0,2026-02-06,Q2 2026,earnings_call,2022,True,False,False,False,True
earnings-call-transcript-jack-henry-q2-2026-beats-eps-forecast-stock-rises-93CH-4485491,https://www.investing.com/news/transcripts/earnings-call-transcript-jack-henry-q2-2026-beats-eps-forecast-stock-rises-93CH-4485491,Jack Henry & Associates Inc,JKHY,Q2,2026.0,2026-02-04,Q2 2026,earnings_call,5541,True,False,False,False,True
earnings-call-transcript-kadant-q4-2025-beats-eps-forecasts-stock-fluctuates-93CH-4514508,https://www.investing.com/news/transcripts/earnings-call-transcript-kadant-q4-2025-beats-eps-forecasts-stock-fluctuates-93CH-4514508,Kadant Inc,KAI,Q4,2025.0,2026-02-19,Q4 2025,earnings_call,3056,True,False,False,False,True
earnings-call-transcript-kalmar-q4-2025-earnings-show-strong-growth-93CH-4504558,https://www.investing.com/news/transcripts/earnings-call-transcript-kalmar-q4-2025-earnings-show-strong-growth-93CH-4504558,Kalmar Oyj,KALMAR,Q4,2025.0,2026-02-13,Q4 2025,earnings_call,4023,False,False,False,True,True
earnings-call-transcript-kbc-groups-q4-2025-results-show-strong-growth-93CH-4502007,https://www.investing.com/news/transcripts/earnings-call-transcript-kbc-groups-q4-2025-results-show-strong-growth-93CH-4502007,KBC Group,,Q4,2025.0,2026-02-12,Q4 2025,earnings_call,3754,True,False,False,False,True
earnings-call-transcript-key-tronic-q2-2026-sees-revenue-drop-strategic-shifts-93CH-4483370,https://www.investing.com/news/transcripts/earnings-call-transcript-key-tronic-q2-2026-sees-revenue-drop-strategic-shifts-93CH-4483370,Key Tronic Corporation,KTCC,Q2,2026.0,2026-02-03,Q2 2026,earnings_call,2261,True,False,False,True,True
earnings-call-transcript-koppers-holdings-beats-eps-forecast-in-q4-2025-93CH-4529066,https://www.investing.com/news/transcripts/earnings-call-transcript-koppers-holdings-beats-eps-forecast-in-q4-2025-93CH-4529066,Koppers Holdings Inc,KOP,Q4,2025.0,2026-02-26,Q4 2025,earnings_call,2762,True,False,False,False,True
earnings-call-transcript-kymera-misses-q4-2025-forecasts-stock-drops-93CH-4528560,https://www.investing.com/news/transcripts/earnings-call-transcript-kymera-misses-q4-2025-forecasts-stock-drops-93CH-4528560,Kymera Therapeutics Inc,KYMR,Q4,2025.0,2026-02-26,Q4 2025,earnings_call,5015,True,False,False,False,True
earnings-call-transcript-laureate-education-q4-2025-sees-strong-revenue-growth-93CH-4513961,https://www.investing.com/news/transcripts/earnings-call-transcript-laureate-education-q4-2025-sees-strong-revenue-growth-93CH-4513961,Laureate Education Inc,LAUR,Q4,2025.0,2026-02-19,Q4 2025,earnings_call,1731,True,False,False,False,True
earnings-call-transcript-loreal-q4-2026-sees-steady-growth-amid-market-challenges-93CH-4504684,https://www.investing.com/news/transcripts/earnings-call-transcript-loreal-q4-2026-sees-steady-growth-amid-market-challenges-93CH-4504684,L’Oreal SA DRC,LORL,Q4,2025.0,2026-02-13,Q4 2025,earnings_call,3641,True,False,False,False,True
earnings-call-transcript-lovesacs-q2-2025-miss-sends-stock-tumbling-1687-93CH-4235653,https://www.investing.com/news/transcripts/earnings-call-transcript-lovesacs-q2-2025-miss-sends-stock-tumbling-1687-93CH-4235653,The Lovesac Company,LOVE,Q2,2026.0,2025-09-11,Q2 2026,earnings_call,4013,True,False,False,False,True
earnings-call-transcript-lyft-q4-2025-sees-record-profitability-despite-revenue-miss-93CH-4498403,https://www.investing.com/news/transcripts/earnings-call-transcript-lyft-q4-2025-sees-record-profitability-despite-revenue-miss-93CH-4498403,LYFT Inc,LYFT,Q4,2025.0,2026-02-10,Q4 2025,earnings_call,3562,True,False,False,False,True
earnings-call-transcript-magna-international-q4-2025-beats-forecasts-stock-jumps-93CH-4505749,https://www.investing.com/news/transcripts/earnings-call-transcript-magna-international-q4-2025-beats-forecasts-stock-jumps-93CH-4505749,Magna International Inc,MGA,Q4,2025.0,2026-02-13,Q4 2025,earnings_call,4772,True,False,False,False,True
earnings-call-transcript-magnera-q1-2026-earnings-beat-forecasts-stock-rises-93CH-4488413,https://www.investing.com/news/transcripts/earnings-call-transcript-magnera-q1-2026-earnings-beat-forecasts-stock-rises-93CH-4488413,Magnera Corp,MAGN,Q1,2026.0,2026-02-05,Q1 2026,earnings_call,3279,True,False,False,False,True
earnings-call-transcript-man-group-plc-exceeds-q4-2025-earnings-expectations-93CH-4526888,https://www.investing.com/news/transcripts/earnings-call-transcript-man-group-plc-exceeds-q4-2025-earnings-expectations-93CH-4526888,Man Group PLC,EMG,,2025.0,2026-02-26,,investor_conference,2548,True,False,False,True,True
earnings-call-transcript-manitowoc-q4-2025-beats-eps-expectations-93CH-4497285,https://www.investing.com/news/transcripts/earnings-call-transcript-manitowoc-q4-2025-beats-eps-expectations-93CH-4497285,Manitowoc Company Inc,MTW,Q4,2025.0,2026-02-10,Q4 2025,earnings_call,1677,True,False,False,False,True
earnings-call-transcript-manulife-beats-q4-2025-earnings-expectations-93CH-4502961,https://www.investing.com/news/transcripts/earnings-call-transcript-manulife-beats-q4-2025-earnings-expectations-93CH-4502961,Manulife Financial Corp,MFC,Q4,2025.0,2026-02-12,Q4 2025,earnings_call,4574,True,False,False,False,True
earnings-call-transcript-maxion-technologies-q4-2025-misses-eps-forecast-93CH-4528136,https://www.investing.com/news/transcripts/earnings-call-transcript-maxion-technologies-q4-2025-misses-eps-forecast-93CH-4528136,Iochpe-Maxion SA,,Q4,2025.0,2026-02-26,Q4 2025,earnings_call,811,True,False,False,False,True
earnings-call-transcript-microchip-technology-beats-q3-2026-eps-forecast-93CH-4489205,https://www.investing.com/news/transcripts/earnings-call-transcript-microchip-technology-beats-q3-2026-eps-forecast-93CH-4489205,Microchip Technology Inc,MCHP,Q3,2026.0,2026-02-05,Q3 2026,earnings_call,5009,True,False,False,False,True
earnings-call-transcript-millennium-bcp-beats-q4-2025-expectations-with-strong-revenue-growth-93CH-4529210,https://www.investing.com/news/transcripts/earnings-call-transcript-millennium-bcp-beats-q4-2025-expectations-with-strong-revenue-growth-93CH-4529210,Banco Comercial Portugues SA,,Q4,2025.0,2026-02-26,Q4 2025,earnings_call,3473,False,False,False,True,True
earnings-call-transcript-mitsubishi-motors-q3-2025-sees-market-optimism-93CH-4490900,https://www.investing.com/news/transcripts/earnings-call-transcript-mitsubishi-motors-q3-2025-sees-market-optimism-93CH-4490900,Mitsubishi Motors Corp.,,Q3,2026.0,2026-02-06,Q3 2026,earnings_call,139,False,False,False,True,True
earnings-call-transcript-mitsuis-q3-2025-results-miss-expectations-stock-rises-93CH-4490843,https://www.investing.com/news/transcripts/earnings-call-transcript-mitsuis-q3-2025-results-miss-expectations-stock-rises-93CH-4490843,"Mitsui & Co., Ltd.",,Q3,2026.0,2026-02-06,Q3 2026,earnings_call,260,True,False,False,True,True
earnings-call-transcript-mueller-water-products-beats-q1-2026-earnings-expectations-93CH-4488481,https://www.investing.com/news/transcripts/earnings-call-transcript-mueller-water-products-beats-q1-2026-earnings-expectations-93CH-4488481,Mueller Water Products Inc,MWA,Q1,2026.0,2026-02-05,Q1 2026,earnings_call,2528,True,False,False,False,True
earnings-call-transcript-murphy-usa-q4-2025-beats-eps-forecast-stock-dips-93CH-4488477,https://www.investing.com/news/transcripts/earnings-call-transcript-murphy-usa-q4-2025-beats-eps-forecast-stock-dips-93CH-4488477,Murphy USA Inc,MUSA,Q4,2025.0,2026-02-05,Q4 2025,earnings_call,3631,True,False,False,False,True
earnings-call-transcript-nanoxplore-q2-2025-sees-revenue-drop-stock-dips-93CH-4500671,https://www.investing.com/news/transcripts/earnings-call-transcript-nanoxplore-q2-2025-sees-revenue-drop-stock-dips-93CH-4500671,NanoXplore Inc,GRA,Q2,2026.0,2026-02-11,Q2 2026,earnings_call,2036,False,False,False,True,True
earnings-call-transcript-nexans-q4-2025-misses-revenue-forecast-stock-falls-93CH-4513031,https://www.investing.com/news/transcripts/earnings-call-transcript-nexans-q4-2025-misses-revenue-forecast-stock-falls-93CH-4513031,Nexans SA,,,2025.0,2026-02-19,,investor_conference,7306,True,False,False,False,True
earnings-call-transcript-noba-bank-q4-2025-sees-strong-loan-growth-93CH-4483926,https://www.investing.com/news/transcripts/earnings-call-transcript-noba-bank-q4-2025-sees-strong-loan-growth-93CH-4483926,NOBA Bank Group AB,NOBA,Q4,2025.0,2026-02-04,Q4 2025,earnings_call,5192,True,False,False,False,True
earnings-call-transcript-nokian-tyres-q4-2025-sees-stock-surge-on-strong-performance-93CH-4496399,https://www.investing.com/news/transcripts/earnings-call-transcript-nokian-tyres-q4-2025-sees-stock-surge-on-strong-performance-93CH-4496399,Nokian Tyres,,Q4,2025.0,2026-02-10,Q4 2025,earnings_call,2811,True,False,False,False,True
earnings-call-transcript-nordens-q4-2025-profit-at-120m-amid-market-challenges-93CH-4483973,https://www.investing.com/news/transcripts/earnings-call-transcript-nordens-q4-2025-profit-at-120m-amid-market-challenges-93CH-4483973,Dampskibsselskabet Norden A/S,,Q4,2025.0,2026-02-04,Q4 2025,earnings_call,2151,False,True,False,False,True
earnings-call-transcript-oerlikon-q4-2025-performance-and-strategic-shifts-93CH-4522196,https://www.investing.com/news/transcripts/earnings-call-transcript-oerlikon-q4-2025-performance-and-strategic-shifts-93CH-4522196,OC Oerlikon Corporation AG Pfaeffikon,,Q4,2025.0,2026-02-24,Q4 2025,earnings_call,4213,True,False,False,False,True
earnings-call-transcript-olympus-corp-q3-2025-sees-revenue-guidance-cut-93CH-4506341,https://www.investing.com/news/transcripts/earnings-call-transcript-olympus-corp-q3-2025-sees-revenue-guidance-cut-93CH-4506341,Olympus Corp.,,Q3,2026.0,2026-02-13,Q3 2026,earnings_call,2788,True,False,False,False,True
earnings-call-transcript-oreilly-automotive-q4-2025-misses-eps-revenue-beats-93CH-4488542,https://www.investing.com/news/transcripts/earnings-call-transcript-oreilly-automotive-q4-2025-misses-eps-revenue-beats-93CH-4488542,O’Reilly Automotive Inc,ORLY,Q4,2025.0,2026-02-05,Q4 2025,earnings_call,3010,True,False,False,False,True
earnings-call-transcript-packaging-corp-misses-q4-2025-eps-forecast-93CH-4481039,https://www.investing.com/news/transcripts/earnings-call-transcript-packaging-corp-misses-q4-2025-eps-forecast-93CH-4481039,Packaging Corp of America,PKG,Q4,2025.0,2026-02-03,Q4 2025,earnings_call,5145,True,False,False,False,True
earnings-call-transcript-patrick-industries-beats-q4-2025-forecasts-93CH-4488416,https://www.investing.com/news/transcripts/earnings-call-transcript-patrick-industries-beats-q4-2025-forecasts-93CH-4488416,Patrick Industries Inc,PATK,Q4,2025.0,2026-02-05,Q4 2025,earnings_call,3065,True,False,False,False,True
earnings-call-transcript-pcbl-chemicals-q3-2026-results-show-strong-growth-93CH-4481196,https://www.investing.com/news/transcripts/earnings-call-transcript-pcbl-chemicals-q3-2026-results-show-strong-growth-93CH-4481196,PCBL Chemical Ltd,PCBL,Q3,2026.0,2026-02-03,Q3 2026,earnings_call,5062,True,False,False,False,True
earnings-call-transcript-pennant-group-q4-2025-beats-forecasts-stock-drops-93CH-4529172,https://www.investing.com/news/transcripts/earnings-call-transcript-pennant-group-q4-2025-beats-forecasts-stock-drops-93CH-4529172,Pennant Group Inc,PNTG,Q4,2025.0,2026-02-26,Q4 2025,earnings_call,3331,False,False,False,True,True
earnings-call-transcript-phinia-q4-2025-shows-revenue-beat-eps-miss-93CH-4503016,https://www.investing.com/news/transcripts/earnings-call-transcript-phinia-q4-2025-shows-revenue-beat-eps-miss-93CH-4503016,Phinia Inc,PHIN,Q4,2025.0,2026-02-12,Q4 2025,earnings_call,2762,False,False,False,True,True
earnings-call-transcript-pilgrims-pride-misses-eps-forecast-stock-down-4-in-q4-2025-93CH-4503376,https://www.investing.com/news/transcripts/earnings-call-transcript-pilgrims-pride-misses-eps-forecast-stock-down-4-in-q4-2025-93CH-4503376,Pilgrims Pride Corp,PPC,Q4,2025.0,2026-02-12,Q4 2025,earnings_call,3512,True,False,False,False,True
earnings-call-transcript-pjt-partners-beats-q4-2025-forecasts-stock-dips-93CH-4482090,https://www.investing.com/news/transcripts/earnings-call-transcript-pjt-partners-beats-q4-2025-forecasts-stock-dips-93CH-4482090,PJT Partners Inc,PJT,Q4,2025.0,2026-02-03,Q4 2025,earnings_call,3905,False,False,False,True,True
earnings-call-transcript-plains-all-american-q4-2025-revenue-misses-93CH-4491354,https://www.investing.com/news/transcripts/earnings-call-transcript-plains-all-american-q4-2025-revenue-misses-93CH-4491354,Plains All American Pipeline,PAA,Q4,2025.0,2026-02-06,Q4 2025,earnings_call,4221,True,False,False,False,True
earnings-call-transcript-planet-fitness-q4-2025-beats-earnings-expectations-93CH-4521631,https://www.investing.com/news/transcripts/earnings-call-transcript-planet-fitness-q4-2025-beats-earnings-expectations-93CH-4521631,Planet Fitness Inc,PLNT,Q4,2025.0,2026-02-24,Q4 2025,earnings_call,4956,True,False,False,False,True
earnings-call-transcript-puuilo-oyj-q2-2025-shows-strong-growth-and-market-optimism-93CH-4234880,https://www.investing.com/news/transcripts/earnings-call-transcript-puuilo-oyj-q2-2025-shows-strong-growth-and-market-optimism-93CH-4234880,Puuilo Oyj,PUUILO,Q2,2025.0,2025-09-11,Q2 2025,earnings_call,4312,False,False,False,True,True
earnings-call-transcript-pwp-q4-2025-beats-forecasts-stock-surges-93CH-4491089,https://www.investing.com/news/transcripts/earnings-call-transcript-pwp-q4-2025-beats-forecasts-stock-surges-93CH-4491089,Perella Weinberg Partners,PWP,Q4,2025.0,2026-02-06,Q4 2025,earnings_call,3117,False,False,False,True,True
earnings-call-transcript-ralph-lauren-q3-2026-beats-forecasts-stock-drops-93CH-4488297,https://www.investing.com/news/transcripts/earnings-call-transcript-ralph-lauren-q3-2026-beats-forecasts-stock-drops-93CH-4488297,Ralph Lauren Corp Class A,RL,Q3,2026.0,2026-02-05,Q3 2026,earnings_call,3186,True,False,False,False,True
earnings-call-transcript-regal-rexnord-beats-q4-2025-expectations-stock-surges-93CH-4488448,https://www.investing.com/news/transcripts/earnings-call-transcript-regal-rexnord-beats-q4-2025-expectations-stock-surges-93CH-4488448,Regal Beloit Corp,RRX,Q4,2025.0,2026-02-05,Q4 2025,earnings_call,4074,True,False,False,False,True
earnings-call-transcript-renesas-electronics-q4-2025-shows-ai-growth-potential-93CH-4486435,https://www.investing.com/news/transcripts/earnings-call-transcript-renesas-electronics-q4-2025-shows-ai-growth-potential-93CH-4486435,Renesas Electronics Corp,,Q4,2025.0,2026-02-05,Q4 2025,earnings_call,1792,False,False,False,True,True
earnings-call-transcript-rio-tinto-q4-2025-sees-stable-earnings-stock-dips-93CH-4512848,https://www.investing.com/news/transcripts/earnings-call-transcript-rio-tinto-q4-2025-sees-stable-earnings-stock-dips-93CH-4512848,Rio Tinto DRC,RIO,,2025.0,2026-02-19,,investor_conference,4921,False,False,False,True,True
earnings-call-transcript-rockwell-automation-beats-q1-2026-forecasts-stock-dips-93CH-4488150,https://www.investing.com/news/transcripts/earnings-call-transcript-rockwell-automation-beats-q1-2026-forecasts-stock-dips-93CH-4488150,Rockwell Automation,ROK,Q1,2026.0,2026-02-05,Q1 2026,earnings_call,4007,True,False,False,True,True
earnings-call-transcript-royal-bank-of-canada-beats-q1-2026-forecasts-93CH-4528471,https://www.investing.com/news/transcripts/earnings-call-transcript-royal-bank-of-canada-beats-q1-2026-forecasts-93CH-4528471,Royal Bank of Canada,RY,Q1,2026.0,2026-02-26,Q1 2026,earnings_call,3541,True,False,False,True,True
earnings-call-transcript-ryman-hospitality-q4-2025-beats-expectations-93CH-4522229,https://www.investing.com/news/transcripts/earnings-call-transcript-ryman-hospitality-q4-2025-beats-expectations-93CH-4522229,Ryman Hospitality Properties Inc,RHP,Q4,2025.0,2026-02-24,Q4 2025,earnings_call,7055,True,False,False,False,True
earnings-call-transcript-santander-brasil-q4-2025-sees-modest-growth-93CH-4485358,https://www.investing.com/news/transcripts/earnings-call-transcript-santander-brasil-q4-2025-sees-modest-growth-93CH-4485358,Banco Santander Brasil SA DRC,BSBR,Q4,2025.0,2026-02-04,Q4 2025,earnings_call,1995,True,False,False,False,True
earnings-call-transcript-santander-q4-2025-sees-record-profits-stock-dips-93CH-4482879,https://www.investing.com/news/transcripts/earnings-call-transcript-santander-q4-2025-sees-record-profits-stock-dips-93CH-4482879,Banco Santander SA ADR,SAN,Q4,2025.0,2026-02-03,Q4 2025,earnings_call,4482,True,False,False,False,True
earnings-call-transcript-sasol-sees-positive-cash-flow-but-faces-impairments-in-h1-2026-93CH-4517969,https://www.investing.com/news/transcripts/earnings-call-transcript-sasol-sees-positive-cash-flow-but-faces-impairments-in-h1-2026-93CH-4517969,Sasol Ltd,SSL,,2026.0,2026-02-23,,investor_conference,4672,True,False,False,False,True
earnings-call-transcript-sharkninja-q4-2025-beats-expectations-with-eps-surprise-93CH-4500469,https://www.investing.com/news/transcripts/earnings-call-transcript-sharkninja-q4-2025-beats-expectations-with-eps-surprise-93CH-4500469,Sharkninja Inc,SN,Q4,2025.0,2026-02-11,Q4 2025,earnings_call,2750,True,False,False,False,True
earnings-call-transcript-shell-misses-eps-forecast-sees-revenue-boost-in-q4-2025-93CH-4488404,https://www.investing.com/news/transcripts/earnings-call-transcript-shell-misses-eps-forecast-sees-revenue-boost-in-q4-2025-93CH-4488404,Shell PLC ADR,SHEL,Q4,2025.0,2026-02-05,Q4 2025,earnings_call,5407,False,False,False,True,True
earnings-call-transcript-shift4-payments-q4-2025-results-spark-stock-slide-93CH-4528472,https://www.investing.com/news/transcripts/earnings-call-transcript-shift4-payments-q4-2025-results-spark-stock-slide-93CH-4528472,Shift4 Payments Inc,FOUR,Q4,2025.0,2026-02-26,Q4 2025,earnings_call,3910,False,False,False,True,True
earnings-call-transcript-sibanye-gold-sees-strong-financial-gains-in-h2-2025-93CH-4516202,https://www.investing.com/news/transcripts/earnings-call-transcript-sibanye-gold-sees-strong-financial-gains-in-h2-2025-93CH-4516202,Sibanye Gold Ltd ADR,SBSW,,2025.0,2026-02-20,,investor_conference,4988,False,False,False,True,True
earnings-call-transcript-sika-ags-q4-2025-results-highlight-innovation-gains-93CH-4515696,https://www.investing.com/news/transcripts/earnings-call-transcript-sika-ags-q4-2025-results-highlight-innovation-gains-93CH-4515696,Sika AG,,Q4,2025.0,2026-02-20,Q4 2025,earnings_call,4548,True,False,False,False,True
earnings-call-transcript-silgan-holdings-beats-q4-2025-forecasts-stock-surges-93CH-4485308,https://www.investing.com/news/transcripts/earnings-call-transcript-silgan-holdings-beats-q4-2025-forecasts-stock-surges-93CH-4485308,Silgan Holdings Inc,SLGN,Q4,2025.0,2026-02-04,Q4 2025,earnings_call,5132,True,False,False,False,True
earnings-call-transcript-simpson-manufacturing-beats-q4-2025-eps-forecast-93CH-4495309,https://www.investing.com/news/transcripts/earnings-call-transcript-simpson-manufacturing-beats-q4-2025-eps-forecast-93CH-4495309,Simpson Manufacturing Comp Inc,SSD,Q4,2025.0,2026-02-09,Q4 2025,earnings_call,3403,True,False,False,False,True
earnings-call-transcript-sims-metal-sees-flat-revenue-in-q1-2025-stock-dips-93CH-4507819,https://www.investing.com/news/transcripts/earnings-call-transcript-sims-metal-sees-flat-revenue-in-q1-2025-stock-dips-93CH-4507819,Sims Metal Management Ltd,SGM,,2026.0,2026-02-17,,investor_conference,6757,True,False,False,False,True
earnings-call-transcript-skellerup-holdings-sees-record-h1-fy26-revenue-93CH-4501373,https://www.investing.com/news/transcripts/earnings-call-transcript-skellerup-holdings-sees-record-h1-fy26-revenue-93CH-4501373,Skellerup Holdings Ltd,SKL,,2026.0,2026-02-11,,investor_conference,2575,True,False,False,False,True
earnings-call-transcript-snapon-q4-2025-earnings-beat-eps-forecast-stock-dips-93CH-4488440,https://www.investing.com/news/transcripts/earnings-call-transcript-snapon-q4-2025-earnings-beat-eps-forecast-stock-dips-93CH-4488440,Snap-On Inc,SNA,Q4,2025.0,2026-02-05,Q4 2025,earnings_call,3004,True,False,False,False,True
earnings-call-transcript-spectrum-brands-beats-q1-2026-eps-forecast-by-84-93CH-4488302,https://www.investing.com/news/transcripts/earnings-call-transcript-spectrum-brands-beats-q1-2026-eps-forecast-by-84-93CH-4488302,Spectrum Brands Holdings Inc,SPB,Q1,2026.0,2026-02-05,Q1 2026,earnings_call,2801,True,False,False,False,True
earnings-call-transcript-ssab-q4-2025-misses-estimates-stock-dips-93CH-4480965,https://www.investing.com/news/transcripts/earnings-call-transcript-ssab-q4-2025-misses-estimates-stock-dips-93CH-4480965,SSAB L,,Q4,2025.0,2026-02-03,Q4 2025,earnings_call,3512,True,False,False,False,True
earnings-call-transcript-starbucks-q1-2025-misses-eps-estimates-stock-dips-93CH-4481056,https://www.investing.com/news/transcripts/earnings-call-transcript-starbucks-q1-2025-misses-eps-estimates-stock-dips-93CH-4481056,Starbucks Corporation,SBUX,Q1,2026.0,2026-02-03,Q1 2026,earnings_call,3629,True,False,False,False,True
earnings-call-transcript-stellantis-faces-stock-drop-amid-q4-2025-earnings-93CH-4490851,https://www.investing.com/news/transcripts/earnings-call-transcript-stellantis-faces-stock-drop-amid-q4-2025-earnings-93CH-4490851,Stellantis NV,STLA,Q4,2025.0,2026-02-06,Q4 2025,earnings_call,5187,False,False,False,True,True
earnings-call-transcript-steven-maddens-q4-2025-sees-strong-revenue-growth-93CH-4524676,https://www.investing.com/news/transcripts/earnings-call-transcript-steven-maddens-q4-2025-sees-strong-revenue-growth-93CH-4524676,Steven Madden Ltd,SHOO,Q4,2025.0,2026-02-25,Q4 2025,earnings_call,4133,True,False,False,False,True
earnings-call-transcript-sunruns-q4-2025-earnings-surge-past-expectations-93CH-4530126,https://www.investing.com/news/transcripts/earnings-call-transcript-sunruns-q4-2025-earnings-surge-past-expectations-93CH-4530126,Sunrun Inc,RUN,Q4,2025.0,2026-02-26,Q4 2025,earnings_call,3816,True,False,False,False,True
earnings-call-transcript-superior-plus-corps-stock-tumbles-despite-strong-q4-2025-results-93CH-4516523,https://www.investing.com/news/transcripts/earnings-call-transcript-superior-plus-corps-stock-tumbles-despite-strong-q4-2025-results-93CH-4516523,Superior Plus Corp,SPB,Q4,2025.0,2026-02-20,Q4 2025,earnings_call,5445,True,False,False,False,True
earnings-call-transcript-tallink-grupp-q4-2025-sees-steady-revenue-stock-rises-93CH-4512932,https://www.investing.com/news/transcripts/earnings-call-transcript-tallink-grupp-q4-2025-sees-steady-revenue-stock-rises-93CH-4512932,Tallink Grupp AS,,Q4,2025.0,2026-02-19,Q4 2025,earnings_call,1566,False,False,False,True,True
earnings-call-transcript-tanger-inc-beats-q4-2025-expectations-93CH-4524759,https://www.investing.com/news/transcripts/earnings-call-transcript-tanger-inc-beats-q4-2025-expectations-93CH-4524759,Tanger Inc,SKT,Q4,2025.0,2026-02-25,Q4 2025,earnings_call,4401,True,False,False,False,True
earnings-call-transcript-tecnoglass-q4-2025-earnings-miss-shares-dip-93CH-4528937,https://www.investing.com/news/transcripts/earnings-call-transcript-tecnoglass-q4-2025-earnings-miss-shares-dip-93CH-4528937,Tecnoglass Inc,TGLS,Q4,2025.0,2026-02-26,Q4 2025,earnings_call,2810,True,False,False,False,True
earnings-call-transcript-teleflex-q4-2025-earnings-miss-estimates-stock-dips-93CH-4528013,https://www.investing.com/news/transcripts/earnings-call-transcript-teleflex-q4-2025-earnings-miss-estimates-stock-dips-93CH-4528013,Teleflex Inc,TFX,Q4,2025.0,2026-02-26,Q4 2025,earnings_call,3098,True,False,False,False,True
earnings-call-transcript-tenaris-q4-2025-sees-revenue-rise-5-yoy-93CH-4513774,https://www.investing.com/news/transcripts/earnings-call-transcript-tenaris-q4-2025-sees-revenue-rise-5-yoy-93CH-4513774,Tenaris Sa ADR,TS,Q4,2025.0,2026-02-19,Q4 2025,earnings_call,5139,True,False,False,False,True
earnings-call-transcript-tgs-q4-2025-shows-stock-rise-despite-profit-drop-93CH-4535216,https://www.investing.com/news/transcripts/earnings-call-transcript-tgs-q4-2025-shows-stock-rise-despite-profit-drop-93CH-4535216,Transportadora de Gas del Sur SA ADR,TGS,Q4,2025.0,2026-03-02,Q4 2025,earnings_call,1135,True,False,False,False,True
earnings-call-transcript-tim-sa-q4-2025-beats-eps-forecast-stock-surges-93CH-4500129,https://www.investing.com/news/transcripts/earnings-call-transcript-tim-sa-q4-2025-beats-eps-forecast-stock-surges-93CH-4500129,Tim Participacoes,TIMB,Q4,2025.0,2026-02-11,Q4 2025,earnings_call,2928,True,False,False,False,True
earnings-call-transcript-timken-q4-2025-beats-eps-and-revenue-forecasts-93CH-4485710,https://www.investing.com/news/transcripts/earnings-call-transcript-timken-q4-2025-beats-eps-and-revenue-forecasts-93CH-4485710,Timken Co,TKR,Q4,2025.0,2026-02-04,Q4 2025,earnings_call,4769,True,False,False,False,True
earnings-call-transcript-toast-q4-2025-eps-miss-prompts-stock-dip-93CH-4504221,https://www.investing.com/news/transcripts/earnings-call-transcript-toast-q4-2025-eps-miss-prompts-stock-dip-93CH-4504221,Toast Inc,TOST,Q4,2025.0,2026-02-12,Q4 2025,earnings_call,2974,True,False,False,False,True
earnings-call-transcript-trinity-capital-beats-q4-2025-forecasts-stock-rises-93CH-4525350,https://www.investing.com/news/transcripts/earnings-call-transcript-trinity-capital-beats-q4-2025-forecasts-stock-rises-93CH-4525350,Trinity Capital Inc,TRIN,Q4,2025.0,2026-02-25,Q4 2025,earnings_call,3340,False,False,False,True,True
earnings-call-transcript-trinity-industries-q4-2025-sees-eps-surprise-stock-rises-93CH-4502872,https://www.investing.com/news/transcripts/earnings-call-transcript-trinity-industries-q4-2025-sees-eps-surprise-stock-rises-93CH-4502872,Trinity Industries,TRN,Q4,2025.0,2026-02-12,Q4 2025,earnings_call,2664,True,False,False,False,True
earnings-call-transcript-tronox-holdings-q4-2025-surprises-with-strong-earnings-beat-93CH-4514209,https://www.investing.com/news/transcripts/earnings-call-transcript-tronox-holdings-q4-2025-surprises-with-strong-earnings-beat-93CH-4514209,Tronox Holdings PLC,TROX,Q4,2025.0,2026-02-19,Q4 2025,earnings_call,6235,True,False,False,False,True
earnings-call-transcript-twin-disc-q2-2026-sees-eps-surge-amid-stock-decline-93CH-4485241,https://www.investing.com/news/transcripts/earnings-call-transcript-twin-disc-q2-2026-sees-eps-surge-amid-stock-decline-93CH-4485241,Twin Disc Incorporated,TWIN,Q2,2026.0,2026-02-04,Q2 2026,earnings_call,1634,True,False,False,False,True
earnings-call-transcript-ul-solutions-q4-2025-earnings-beat-expectations-93CH-4514121,https://www.investing.com/news/transcripts/earnings-call-transcript-ul-solutions-q4-2025-earnings-beat-expectations-93CH-4514121,UL Solutions Inc,ULS,Q4,2025.0,2026-02-19,Q4 2025,earnings_call,5083,True,False,False,False,True
earnings-call-transcript-umicore-h2-2025-shows-resilience-amid-market-volatility-93CH-4515458,https://www.investing.com/news/transcripts/earnings-call-transcript-umicore-h2-2025-shows-resilience-amid-market-volatility-93CH-4515458,Umicore SA,,,2025.0,2026-02-20,,investor_conference,2898,True,False,False,False,True
earnings-call-transcript-unisys-q4-2025-earnings-beat-forecasts-stock-surges-93CH-4524713,https://www.investing.com/news/transcripts/earnings-call-transcript-unisys-q4-2025-earnings-beat-forecasts-stock-surges-93CH-4524713,Unisys Corporation,UIS,Q4,2025.0,2026-02-25,Q4 2025,earnings_call,3028,True,False,False,False,True
earnings-call-transcript-upexis-q2-2026-shows-strong-revenue-growth-amid-losses-93CH-4498443,https://www.investing.com/news/transcripts/earnings-call-transcript-upexis-q2-2026-shows-strong-revenue-growth-amid-losses-93CH-4498443,Upexi Inc,UPXI,Q2,2026.0,2026-02-10,Q2 2026,earnings_call,1967,False,False,False,True,True
earnings-call-transcript-upm-q4-2025-sees-eps-beat-revenue-miss-93CH-4484541,https://www.investing.com/news/transcripts/earnings-call-transcript-upm-q4-2025-sees-eps-beat-revenue-miss-93CH-4484541,UPM-Kymmene Oyj,,Q4,2025.0,2026-02-04,Q4 2025,earnings_call,2830,False,False,False,True,True
earnings-call-transcript-valero-beats-q4-2025-forecasts-stock-dips-93CH-4481008,https://www.investing.com/news/transcripts/earnings-call-transcript-valero-beats-q4-2025-forecasts-stock-dips-93CH-4481008,Valero Energy Corporation,VLO,Q4,2025.0,2026-02-03,Q4 2025,earnings_call,4057,False,False,False,True,True
earnings-call-transcript-van-lanschot-kempen-q4-2025-shows-strong-growth-93CH-4526816,https://www.investing.com/news/transcripts/earnings-call-transcript-van-lanschot-kempen-q4-2025-shows-strong-growth-93CH-4526816,Van Lanschot Kempen NV,,Q4,2025.0,2026-02-26,Q4 2025,earnings_call,1245,True,False,False,False,True
earnings-call-transcript-vertex-q4-2025-sees-revenue-growth-eps-miss-93CH-4504183,https://www.investing.com/news/transcripts/earnings-call-transcript-vertex-q4-2025-sees-revenue-growth-eps-miss-93CH-4504183,Vertex Pharmaceuticals Inc,VRTX,Q4,2025.0,2026-02-12,Q4 2025,earnings_call,3603,True,False,False,False,True
earnings-call-transcript-vestas-wind-systems-q4-2025-sees-stock-dip-amid-mixed-results-93CH-4486872,https://www.investing.com/news/transcripts/earnings-call-transcript-vestas-wind-systems-q4-2025-sees-stock-dip-amid-mixed-results-93CH-4486872,Vestas Wind Systems,,Q4,2025.0,2026-02-05,Q4 2025,earnings_call,3919,False,False,False,True,True
earnings-call-transcript-vici-properties-q4-2025-results-miss-forecasts-stock-declines-93CH-4528945,https://www.investing.com/news/transcripts/earnings-call-transcript-vici-properties-q4-2025-results-miss-forecasts-stock-declines-93CH-4528945,VICI Properties Inc,VICI,Q4,2025.0,2026-02-26,Q4 2025,earnings_call,6053,True,False,False,False,True
earnings-call-transcript-vistra-energy-q4-2025-earnings-miss-forecast-stock-dips-93CH-4528951,https://www.investing.com/news/transcripts/earnings-call-transcript-vistra-energy-q4-2025-earnings-miss-forecast-stock-dips-93CH-4528951,Vistra Energy Corp,VST,Q4,2025.0,2026-02-26,Q4 2025,earnings_call,3379,True,False,False,False,True
earnings-call-transcript-vulcan-materials-q4-2025-misses-forecasts-stock-drops-93CH-4509359,https://www.investing.com/news/transcripts/earnings-call-transcript-vulcan-materials-q4-2025-misses-forecasts-stock-drops-93CH-4509359,Vulcan Materials,VMC,Q4,2025.0,2026-02-17,Q4 2025,earnings_call,4428,True,False,False,False,True
earnings-call-transcript-wabash-national-q4-2025-misses-eps-forecast-stock-drops-93CH-4485791,https://www.investing.com/news/transcripts/earnings-call-transcript-wabash-national-q4-2025-misses-eps-forecast-stock-drops-93CH-4485791,Wabash National,WNC,Q4,2025.0,2026-02-04,Q4 2025,earnings_call,3554,True,False,False,False,True
earnings-call-transcript-warby-parker-q4-2025-misses-eps-forecast-stock-dips-93CH-4528218,https://www.investing.com/news/transcripts/earnings-call-transcript-warby-parker-q4-2025-misses-eps-forecast-stock-dips-93CH-4528218,Warby Parker Inc,WRBY,Q4,2025.0,2026-02-26,Q4 2025,earnings_call,3245,True,False,False,False,True
earnings-call-transcript-wave-life-sciences-q4-2025-sees-revenue-drop-93CH-4528477,https://www.investing.com/news/transcripts/earnings-call-transcript-wave-life-sciences-q4-2025-sees-revenue-drop-93CH-4528477,Wave Life Sciences Ltd,WVE,Q4,2025.0,2026-02-26,Q4 2025,earnings_call,4461,False,False,False,True,True
earnings-call-transcript-western-forest-products-q4-2026-sees-stock-drop-93CH-4501560,https://www.investing.com/news/transcripts/earnings-call-transcript-western-forest-products-q4-2026-sees-stock-drop-93CH-4501560,Western Forest Products Inc,WEF,Q4,2025.0,2026-02-12,Q4 2025,earnings_call,2111,True,False,False,False,True
earnings-call-transcript-westlake-chemical-q4-2025-earnings-miss-but-stock-surges-93CH-4522318,https://www.investing.com/news/transcripts/earnings-call-transcript-westlake-chemical-q4-2025-earnings-miss-but-stock-surges-93CH-4522318,Westlake Chemical,WLK,Q4,2025.0,2026-02-24,Q4 2025,earnings_call,6892,True,False,False,False,True
earnings-call-transcript-wolverine-world-wide-q4-2025-earnings-beat-expectations-93CH-4528482,https://www.investing.com/news/transcripts/earnings-call-transcript-wolverine-world-wide-q4-2025-earnings-beat-expectations-93CH-4528482,Wolverine World Wide Inc,WWW,Q4,2025.0,2026-02-26,Q4 2025,earnings_call,3799,True,False,False,False,True
earnings-call-transcript-woodside-energy-reports-record-production-in-2025-h2-93CH-4520315,https://www.investing.com/news/transcripts/earnings-call-transcript-woodside-energy-reports-record-production-in-2025-h2-93CH-4520315,Woodside Energy Ltd,WDS,,2025.0,2026-02-24,,investor_conference,5137,True,False,False,True,True
earnings-call-transcript-worley-q1-2026-shows-resilience-amidst-restructuring-93CH-4526291,https://www.investing.com/news/transcripts/earnings-call-transcript-worley-q1-2026-shows-resilience-amidst-restructuring-93CH-4526291,Worley Ltd,WOR,,2026.0,2026-02-26,,investor_conference,3262,True,False,False,False,True
earnings-call-transcript-xerox-q4-2025-misses-eps-forecast-stock-dips-93CH-4481110,https://www.investing.com/news/transcripts/earnings-call-transcript-xerox-q4-2025-misses-eps-forecast-stock-dips-93CH-4481110,Xerox Corp,XRX,Q4,2025.0,2026-02-03,Q4 2025,earnings_call,1621,True,False,False,False,True
first-horizon-at-bank-of-america-conference-strategic-growth-focus-93CH-4500462,https://www.investing.com/news/transcripts/first-horizon-at-bank-of-america-conference-strategic-growth-focus-93CH-4500462,Bank of America Financial Services Conference,,,2026.0,2026-02-11,,investor_conference,5360,True,False,False,False,True
freeportmcmoran-at-35th-bmo-conference-copper-expansion-and-cost-reduction-93CH-4520844,https://www.investing.com/news/transcripts/freeportmcmoran-at-35th-bmo-conference-copper-expansion-and-cost-reduction-93CH-4520844,"35th BMO Global Metals, Mining & Critical Minerals Conference",,,,2026-02-24,,investor_conference,1825,True,False,False,False,True
gcm-grosvenor-at-bank-of-america-conference-strategic-growth-and-optimism-93CH-4498533,https://www.investing.com/news/transcripts/gcm-grosvenor-at-bank-of-america-conference-strategic-growth-and-optimism-93CH-4498533,Bank of America Financial Services Conference,,,2026.0,2026-02-11,,investor_conference,2146,True,False,False,False,True
ge-healthcare-at-citis-2026-unplugged-innovation-drives-growth-93CH-4528723,https://www.investing.com/news/transcripts/ge-healthcare-at-citis-2026-unplugged-innovation-drives-growth-93CH-4528723,Citi’s,,,2026.0,2026-02-26,,investor_conference,5875,True,False,False,False,True
general-motors-at-citis-conference-strategic-execution-insights-93CH-4509454,https://www.investing.com/news/transcripts/general-motors-at-citis-conference-strategic-execution-insights-93CH-4509454,Citi’s Global Industrial Tech & Mobility Conference,,,2026.0,2026-02-17,,investor_conference,5584,False,False,False,True,True
huntington-bancshares-at-ubs-conference-strategic-growth-and-integration-insights-93CH-4497756,https://www.investing.com/news/transcripts/huntington-bancshares-at-ubs-conference-strategic-growth-and-integration-insights-93CH-4497756,UBS Financial Services Conference,,,2026.0,2026-02-10,,investor_conference,2752,True,False,False,False,True
ingersoll-rand-at-citis-conference-strategic-growth-focus-93CH-4514149,https://www.investing.com/news/transcripts/ingersoll-rand-at-citis-conference-strategic-growth-focus-93CH-4514149,Citi’s Global Industrial Tech & Mobility Conference,,,2026.0,2026-02-19,,investor_conference,8001,True,False,False,False,True
ingersoll-rand-at-laguna-conference-strategic-moves-in-ma-and-revenue-growth-93CH-4235715,https://www.investing.com/news/transcripts/ingersoll-rand-at-laguna-conference-strategic-moves-in-ma-and-revenue-growth-93CH-4235715,Morgan Stanley’s 13th Annual Laguna Conference,,,,2025-09-11,,investor_conference,3887,True,False,False,False,True
intercontinental-exchange-at-bank-of-america-conference-strategic-growth-focus-93CH-4497779,https://www.investing.com/news/transcripts/intercontinental-exchange-at-bank-of-america-conference-strategic-growth-focus-93CH-4497779,Bank of America Financial Services Conference,,,2026.0,2026-02-10,,investor_conference,2608,False,False,False,True,True
johnson-controls-at-citis-conference-strategic-moves--market-insights-93CH-4513838,https://www.investing.com/news/transcripts/johnson-controls-at-citis-conference-strategic-moves--market-insights-93CH-4513838,Citi’s Global Industrial Tech & Mobility Conference,,,2026.0,2026-02-19,,investor_conference,4814,True,False,False,False,True
jpmorgan-at-ubs-financial-services-conference-strategic-insights-for-2026-93CH-4497637,https://www.investing.com/news/transcripts/jpmorgan-at-ubs-financial-services-conference-strategic-insights-for-2026-93CH-4497637,UBS Financial Services Conference,,,2026.0,2026-02-10,,investor_conference,4324,True,False,False,False,True
keycorp-at-bank-of-america-conference-strategic-growth-in-focus-93CH-4497647,https://www.investing.com/news/transcripts/keycorp-at-bank-of-america-conference-strategic-growth-in-focus-93CH-4497647,Bank of America Financial Services Conference,,,2026.0,2026-02-10,,investor_conference,3599,True,False,False,False,True
lazard-at-ubs-conference-strategic-insights-for-2026-93CH-4500812,https://www.investing.com/news/transcripts/lazard-at-ubs-conference-strategic-insights-for-2026-93CH-4500812,UBS Financial Services Conference,,,2026.0,2026-02-11,,investor_conference,4369,False,False,False,True,True
lockheed-martin-at-citis-conference-strategic-growth-and-challenges-93CH-4512009,https://www.investing.com/news/transcripts/lockheed-martin-at-citis-conference-strategic-growth-and-challenges-93CH-4512009,Citi’s Global Industrial Tech & Mobility Conference,,,2026.0,2026-02-18,,investor_conference,4229,True,False,False,False,True
mirion-technologies-at-citis-conference-nuclear-growth-and-ai-initiatives-93CH-4512023,https://www.investing.com/news/transcripts/mirion-technologies-at-citis-conference-nuclear-growth-and-ai-initiatives-93CH-4512023,Citi’s Global Industrial Tech & Mobility Conference,,,2026.0,2026-02-18,,investor_conference,5638,True,False,False,False,True
osi-systems-at-citis-conference-domestic-growth-focus-93CH-4514649,https://www.investing.com/news/transcripts/osi-systems-at-citis-conference-domestic-growth-focus-93CH-4514649,Citi’s Global Industrial Tech & Mobility Conference,,,2026.0,2026-02-19,,investor_conference,5810,True,False,False,False,True
pnc-financial-at-bank-of-america-conference-strategic-growth-in-2026-93CH-4497725,https://www.investing.com/news/transcripts/pnc-financial-at-bank-of-america-conference-strategic-growth-in-2026-93CH-4497725,Bank of America Financial Services Conference,,,2026.0,2026-02-10,,investor_conference,5953,True,False,False,False,True
regal-rexnord-at-citis-conference-strategic-growth-and-challenges-93CH-4514683,https://www.investing.com/news/transcripts/regal-rexnord-at-citis-conference-strategic-growth-and-challenges-93CH-4514683,Citi’s Global Industrial Tech & Mobility Conference,,,2026.0,2026-02-19,,investor_conference,4317,True,False,False,False,True
stanley-black--decker-at-barclays-conference-strategic-transformation-unveiled-93CH-4511940,https://www.investing.com/news/transcripts/stanley-black--decker-at-barclays-conference-strategic-transformation-unveiled-93CH-4511940,Barclays 43rd Annual Industrial Select Conference,,,,2026-02-18,,investor_conference,3412,True,False,False,False,True
teledyne-at-td-cowen-conference-strategic-growth-and-challenges-93CH-4503782,https://www.investing.com/news/transcripts/teledyne-at-td-cowen-conference-strategic-growth-and-challenges-93CH-4503782,TD Cowen 47th Annual Aerospace & Defense Conference,,,,2026-02-12,,investor_conference,7961,True,False,False,False,True
timken-at-citis-conference-strategic-growth-and-transformation-93CH-4511649,https://www.investing.com/news/transcripts/timken-at-citis-conference-strategic-growth-and-transformation-93CH-4511649,Citi’s Global Industrial Tech & Mobility Conference,,,2026.0,2026-02-18,,investor_conference,3498,True,False,False,False,True
truist-financial-at-ubs-conference-digital-and-clientcentric-strategies-93CH-4497785,https://www.investing.com/news/transcripts/truist-financial-at-ubs-conference-digital-and-clientcentric-strategies-93CH-4497785,UBS Financial Services Conference,,,2026.0,2026-02-10,,investor_conference,3225,True,False,False,False,True
vontier-at-citis-global-conference-strategic-focus-on-mobility-93CH-4509388,https://www.investing.com/news/transcripts/vontier-at-citis-global-conference-strategic-focus-on-mobility-93CH-4509388,Citi’s Global Industrial Tech & Mobility Conference,,,2026.0,2026-02-17,,investor_conference,4332,True,False,False,False,True
wells-fargo-at-ubs-conference-growth-strategies-and-market-outlook-93CH-4497732,https://www.investing.com/news/transcripts/wells-fargo-at-ubs-conference-growth-strategies-and-market-outlook-93CH-4497732,UBS Financial Services Conference,,,2026.0,2026-02-10,,investor_conference,4207,False,False,False,True,True
